TrialID;SensorType;ActivityType;Distance_m;GroundTruth;Sensor_output;StartTime;EndTime;Sensor_Time;Date
1;PIR;Human_walking;0.5;1;1;15:33:00;15:33:09;15:33:02;08-03-2026
1;mmWave;Human_walking;0.5;1;1;15:33:00;15:33:09;15:33:01;08-03-2026
2;PIR;Human_walking;0.5;1;1;15:34:30;15:34:40;15:34:33;08-03-2026
2;mmWave;Human_walking;0.5;1;1;15:34:30;15:34:40;15:34:32;08-03-2026
3;PIR;Human_walking;0.5;1;1;15:35:45;15:35:56;15:35:48;08-03-2026
3;mmWave;Human_walking;0.5;1;1;15:35:45;15:35:56;15:35:47;08-03-2026
4;PIR;Human_walking;0.5;1;1;15:37:08;15:37:14;15:37:10;08-03-2026
4;mmWave;Human_walking;0.5;1;1;15:37:08;15:37:14;15:37:09;08-03-2026
5;PIR;Human_walking;0.5;1;1;15:40:55;15:41:05;15:40:57;08-03-2026
5;mmWave;Human_walking;0.5;1;1;15:40:55;15:41:05;15:40:56;08-03-2026
6;PIR;Human_walking;0.5;1;0;15:47:14;15:47:22;NA;08-03-2026
6;mmWave;Human_walking;0.5;1;1;15:47:14;15:47:22;15:47:17;08-03-2026
7;PIR;Human_walking;0.5;1;0;15:48:31;15:48:40;NA;08-03-2026
7;mmWave;Human_walking;0.5;1;1;15:48:31;15:48:40;15:48:34;08-03-2026
8;PIR;Human_walking;0.5;1;1;15:49:50;15:49:59;15:49:52;08-03-2026
8;mmWave;Human_walking;0.5;1;1;15:49:50;15:49:59;15:49:52;08-03-2026
9;PIR;Human_walking;0.5;1;1;15:51:05;15:51:13;15:51:09;08-03-2026
9;mmWave;Human_walking;0.5;1;1;15:51:05;15:51:13;15:51:08;08-03-2026
10;PIR;Human_walking;0.5;1;1;15:52:20;15:52:30;15:52:26;08-03-2026
10;mmWave;Human_walking;0.5;1;1;15:52:20;15:52:30;15:52:26;08-03-2026
11;PIR;Human_walking;0.5;0;0;15:54:00;15:54:15;NA;08-03-2026
11;mmWave;Human_walking;0.5;0;0;15:54:00;15:54:15;NA;08-03-2026
12;PIR;Human_walking;0.5;0;0;15:54:16;15:54:31;NA;08-03-2026
12;mmWave;Human_walking;0.5;0;0;15:54:16;15:54:31;NA;08-03-2026
13;PIR;Human_walking;0.5;0;0;15:54:32;15:54:47;NA;08-03-2026
13;mmWave;Human_walking;0.5;0;0;15:54:32;15:54:47;NA;08-03-2026
14;PIR;Human_walking;0.5;0;0;15:54:48;15:55:03;NA;08-03-2026
14;mmWave;Human_walking;0.5;0;0;15:54:48;15:55:03;NA;08-03-2026
15;PIR;Human_walking;0.5;0;0;15:55:04;15:55:19;NA;08-03-2026
15;mmWave;Human_walking;0.5;0;0;15:55:04;15:55:19;NA;08-03-2026
16;PIR;Human_walking;0.5;0;0;15:55:20;15:55:35;NA;08-03-2026
16;mmWave;Human_walking;0.5;0;0;15:55:20;15:55:35;NA;08-03-2026
17;PIR;Human_walking;0.5;0;0;15:55:36;15:55:51;NA;08-03-2026
17;mmWave;Human_walking;0.5;0;0;15:55:36;15:55:51;NA;08-03-2026
18;PIR;Human_walking;0.5;0;0;15:55:52;15:56:07;NA;08-03-2026
18;mmWave;Human_walking;0.5;0;0;15:55:52;15:56:07;NA;08-03-2026
19;PIR;Human_walking;0.5;0;0;15:56:08;15:56:23;NA;08-03-2026
19;mmWave;Human_walking;0.5;0;0;15:56:08;15:56:23;NA;08-03-2026
20;PIR;Human_walking;0.5;0;0;15:56:23;15:56:38;NA;08-03-2026
20;mmWave;Human_walking;0.5;0;0;15:56:23;15:56:38;NA;08-03-2026
21;PIR;Dog_walking;0.5;1;0;12:58:05;12:58:13;NA;05-03-2026
21;mmWave;Dog_walking;0.5;1;1;12:58:05;12:58:13;12:58:08;05-03-2026
22;PIR;Dog_walking;0.5;1;0;12:59:13;12:59:30;NA;05-03-2026
22;mmWave;Dog_walking;0.5;1;1;12:59:13;12:59:30;12:59:14;05-03-2026
23;PIR;Dog_walking;0.5;1;0;13:01:27;13:01:41;NA;05-03-2026
23;mmWave;Dog_walking;0.5;1;1;13:01:27;13:01:41;13:01:36;05-03-2026
24;PIR;Dog_walking;0.5;1;0;13:04:30;13:04:38;NA;05-03-2026
24;mmWave;Dog_walking;0.5;1;1;13:04:30;13:04:38;13:04:32;05-03-2026
25;PIR;Dog_walking;0.5;1;0;13:08:44;13:08:49;NA;05-03-2026
25;mmWave;Dog_walking;0.5;1;1;13:08:44;13:08:49;13:08:45;05-03-2026
26;PIR;Dog_walking;0.5;1;0;13:10:30;13:10:38;NA;05-03-2026
26;mmWave;Dog_walking;0.5;1;0;13:10:30;13:10:38;NA;05-03-2026
27;PIR;Dog_walking;0.5;1;0;13:13:02;13:13:08;NA;05-03-2026
27;mmWave;Dog_walking;0.5;1;1;13:13:02;13:13:08;13:13:05;05-03-2026
28;PIR;Dog_walking;0.5;1;0;13:15:01;13:15:06;NA;05-03-2026
28;mmWave;Dog_walking;0.5;1;0;13:15:01;13:15:06;NA;05-03-2026
29;PIR;Dog_walking;0.5;1;0;13:15:35;13:15:40;NA;05-03-2026
29;mmWave;Dog_walking;0.5;1;1;13:15:35;13:15:40;13:15:38;05-03-2026
30;PIR;Dog_walking;0.5;1;0;13:16:10;13:16:19;NA;05-03-2026
30;mmWave;Dog_walking;0.5;1;1;13:16:10;13:16:19;13:16:18;05-03-2026
31;PIR;Dog_walking;0.5;0;0;13:19:42;13:19:53;NA;05-03-2026
31;mmWave;Dog_walking;0.5;0;0;13:19:42;13:19:53;NA;05-03-2026
32;PIR;Dog_walking;0.5;0;0;13:20:10;13:20:20;NA;05-03-2026
32;mmWave;Dog_walking;0.5;0;0;13:20:10;13:20:20;NA;05-03-2026
33;PIR;Dog_walking;0.5;0;0;13:20:35;13:20:43;NA;05-03-2026
33;mmWave;Dog_walking;0.5;0;0;13:20:35;13:20:43;NA;05-03-2026
34;PIR;Dog_walking;0.5;0;0;13:21:05;13:21:21;NA;05-03-2026
34;mmWave;Dog_walking;0.5;0;0;13:21:05;13:21:21;NA;05-03-2026
35;PIR;Dog_walking;0.5;0;0;13:21:41;13:21:56;NA;05-03-2026
35;mmWave;Dog_walking;0.5;0;0;13:21:41;13:21:56;NA;05-03-2026
36;PIR;Dog_walking;0.5;0;0;13:22:11;13:22:25;NA;05-03-2026
36;mmWave;Dog_walking;0.5;0;0;13:22:11;13:22:25;NA;05-03-2026
37;PIR;Dog_walking;0.5;0;0;13:22:45;13:22:58;NA;05-03-2026
37;mmWave;Dog_walking;0.5;0;0;13:22:45;13:22:58;NA;05-03-2026
38;PIR;Dog_walking;0.5;0;0;13:23:15;13:23:29;NA;05-03-2026
38;mmWave;Dog_walking;0.5;0;0;13:23:15;13:23:29;NA;05-03-2026
39;PIR;Dog_walking;0.5;0;0;13:23:56;13:24:13;NA;05-03-2026
39;mmWave;Dog_walking;0.5;0;0;13:23:56;13:24:13;NA;05-03-2026
40;PIR;Dog_walking;0.5;0;0;13:24:29;13:24:51;NA;05-03-2026
40;mmWave;Dog_walking;0.5;0;0;13:24:29;13:24:51;NA;05-03-2026
41;PIR;Machine;0.5;1;0;14:13:00;14:13:15;NA;12-03-2026
41;mmWave;Machine;0.5;1;0;14:13:00;14:13:15;NA;12-03-2026
42;PIR;Machine;0.5;1;0;14:14:15;14:14:30;NA;12-03-2026
42;mmWave;Machine;0.5;1;0;14:14:15;14:14:30;NA;12-03-2026
43;PIR;Machine;0.5;1;0;14:15:45;14:16:00;NA;12-03-2026
43;mmWave;Machine;0.5;1;0;14:15:45;14:16:00;NA;12-03-2026
44;PIR;Machine;0.5;1;0;14:17:30;14:17:45;NA;12-03-2026
44;mmWave;Machine;0.5;1;0;14:17:30;14:17:45;NA;12-03-2026
45;PIR;Machine;0.5;1;0;14:19:00;14:19:15;NA;12-03-2026
45;mmWave;Machine;0.5;1;0;14:19:00;14:19:15;NA;12-03-2026
46;PIR;Machine;0.5;1;0;14:20:30;14:20:45;NA;12-03-2026
46;mmWave;Machine;0.5;1;0;14:20:30;14:20:45;NA;12-03-2026
47;PIR;Machine;0.5;1;0;14:21:45;14:22:00;NA;12-03-2026
47;mmWave;Machine;0.5;1;0;14:21:45;14:22:00;NA;12-03-2026
48;PIR;Machine;0.5;1;0;14:23:15;14:23:30;NA;12-03-2026
48;mmWave;Machine;0.5;1;0;14:23:15;14:23:30;NA;12-03-2026
49;PIR;Machine;0.5;1;0;14:24:30;14:24:45;NA;12-03-2026
49;mmWave;Machine;0.5;1;0;14:24:30;14:24:45;NA;12-03-2026
50;PIR;Machine;0.5;1;0;14:27:45;14:28:00;NA;12-03-2026
50;mmWave;Machine;0.5;1;0;14:27:45;14:28:00;NA;12-03-2026
51;PIR;Machine;0.5;0;0;14:12:15;14:12:30;NA;12-03-2026
51;mmWave;Machine;0.5;0;0;14:12:15;14:12:30;NA;12-03-2026
52;PIR;Machine;0.5;0;0;14:14:00;14:14:15;NA;12-03-2026
52;mmWave;Machine;0.5;0;0;14:14:00;14:14:15;NA;12-03-2026
53;PIR;Machine;0.5;0;0;14:15:00;14:15:15;NA;12-03-2026
53;mmWave;Machine;0.5;0;0;14:15:00;14:15:15;NA;12-03-2026
54;PIR;Machine;0.5;0;0;14:16:30;14:16:45;NA;12-03-2026
54;mmWave;Machine;0.5;0;0;14:16:30;14:16:45;NA;12-03-2026
55;PIR;Machine;0.5;0;0;14:18:15;14:18:30;NA;12-03-2026
55;mmWave;Machine;0.5;0;0;14:18:15;14:18:30;NA;12-03-2026
56;PIR;Machine;0.5;0;0;14:19:45;14:20:00;NA;12-03-2026
56;mmWave;Machine;0.5;0;0;14:19:45;14:20:00;NA;12-03-2026
57;PIR;Machine;0.5;0;0;14:21:00;14:21:15;NA;12-03-2026
57;mmWave;Machine;0.5;0;0;14:21:00;14:21:15;NA;12-03-2026
58;PIR;Machine;0.5;0;0;14:22:30;14:22:45;NA;12-03-2026
58;mmWave;Machine;0.5;0;0;14:22:30;14:22:45;NA;12-03-2026
59;PIR;Machine;0.5;0;0;14:24:00;14:24:15;NA;12-03-2026
59;mmWave;Machine;0.5;0;0;14:24:00;14:24:15;NA;12-03-2026
60;PIR;Machine;0.5;0;0;14:27:15;14:27:30;NA;12-03-2026
60;mmWave;Machine;0.5;0;0;14:27:15;14:27:30;NA;12-03-2026
61;PIR;Human_walking;2,00;1;0;16:11:35;16:11:45;NA;08-03-2026
61;mmWave;Human_walking;2,00;1;0;16:11:35;16:11:45;NA;08-03-2026
62;PIR;Human_walking;2,00;1;1;16:12:35;16:12:45;16:12:39;08-03-2026
62;mmWave;Human_walking;2,00;1;1;16:12:35;16:12:45;16:12:39;08-03-2026
63;PIR;Human_walking;2,00;1;1;16:14:11;16:14:18;16:14:15;08-03-2026
63;mmWave;Human_walking;2,00;1;1;16:14:11;16:14:18;16:14:13;08-03-2026
64;PIR;Human_walking;2,00;1;1;16:16:22;16:16:32;16:16:27;08-03-2026
64;mmWave;Human_walking;2,00;1;1;16:16:22;16:16:32;16:16:25;08-03-2026
65;PIR;Human_walking;2,00;1;1;16:19:42;16:19:49;16:19:46;08-03-2026
65;mmWave;Human_walking;2,00;1;1;16:19:42;16:19:49;16:19:44;08-03-2026
66;PIR;Human_walking;2,00;1;1;16:21:50;16:22:00;16:21:54;08-03-2026
66;mmWave;Human_walking;2,00;1;0;16:21:50;16:22:00;NA;08-03-2026
67;PIR;Human_walking;2,00;1;1;16:23:06;16:23:16;16:23:09;08-03-2026
67;mmWave;Human_walking;2,00;1;1;16:23:06;16:23:16;16:23:11;08-03-2026
68;PIR;Human_walking;2,00;1;1;16:26:30;16:26:40;16:26:34;08-03-2026
68;mmWave;Human_walking;2,00;1;0;16:26:30;16:26:40;NA;08-03-2026
69;PIR;Human_walking;2,00;1;0;16:28:54;16:29:03;NA;08-03-2026
69;mmWave;Human_walking;2,00;1;1;16:28:54;16:29:03;16:28:56;08-03-2026
70;PIR;Human_walking;2,00;1;1;16:31:33;16:31:42;16:31:38;08-03-2026
70;mmWave;Human_walking;2,00;1;1;16:31:33;16:31:42;16:31:36;08-03-2026
71;PIR;Human_walking;2,00;0;0;16:33:00;16:33:15;NA;08-03-2026
71;mmWave;Human_walking;2,00;0;0;16:33:00;16:33:15;NA;08-03-2026
72;PIR;Human_walking;2,00;0;0;16:33:30;16:33:45;NA;08-03-2026
72;mmWave;Human_walking;2,00;0;0;16:33:30;16:33:45;NA;08-03-2026
73;PIR;Human_walking;2,00;0;0;16:34:00;16:34:15;NA;08-03-2026
73;mmWave;Human_walking;2,00;0;0;16:34:00;16:34:15;NA;08-03-2026
74;PIR;Human_walking;2,00;0;0;16:34:30;16:34:45;NA;08-03-2026
74;mmWave;Human_walking;2,00;0;0;16:34:30;16:34:45;NA;08-03-2026
75;PIR;Human_walking;2,00;0;0;16:35:00;16:35:15;NA;08-03-2026
75;mmWave;Human_walking;2,00;0;0;16:35:00;16:35:15;NA;08-03-2026
76;PIR;Human_walking;2,00;0;0;16:35:30;16:35:45;NA;08-03-2026
76;mmWave;Human_walking;2,00;0;0;16:35:30;16:35:45;NA;08-03-2026
77;PIR;Human_walking;2,00;0;0;16:36:00;16:36:15;NA;08-03-2026
77;mmWave;Human_walking;2,00;0;0;16:36:00;16:36:15;NA;08-03-2026
78;PIR;Human_walking;2,00;0;0;16:36:30;16:36:45;NA;08-03-2026
78;mmWave;Human_walking;2,00;0;0;16:36:30;16:36:45;NA;08-03-2026
79;PIR;Human_walking;2,00;0;0;16:37:00;16:37:15;NA;08-03-2026
79;mmWave;Human_walking;2,00;0;0;16:37:00;16:37:15;NA;08-03-2026
80;PIR;Human_walking;2,00;0;0;16:37:30;16:37:45;NA;08-03-2026
80;mmWave;Human_walking;2,00;0;0;16:37:30;16:37:45;NA;08-03-2026
81;PIR;Dog_walking;2,00;1;1;13:49:48;13:49:56;13:49:51;05-03-2026
81;mmWave;Dog_walking;2,00;1;0;13:49:48;13:49:56;NA;05-03-2026
82;PIR;Dog_walking;2,00;1;1;13:53:54;13:53:59;13:53:56;05-03-2026
82;mmWave;Dog_walking;2,00;1;0;13:53:54;13:53:59;NA;05-03-2026
83;PIR;Dog_walking;2,00;1;1;13:55:10;13:55:15;13:55:11;05-03-2026
83;mmWave;Dog_walking;2,00;1;1;13:55:10;13:55:15;13:55:11;05-03-2026
84;PIR;Dog_walking;2,00;1;1;14:05:40;14:05:48;14:05:42;05-03-2026
84;mmWave;Dog_walking;2,00;1;1;14:05:40;14:05:48;14:05:45;05-03-2026
85;PIR;Dog_walking;2,00;1;1;14:11:13;14:11:19;14:11:15;05-03-2026
85;mmWave;Dog_walking;2,00;1;0;14:11:13;14:11:19;NA;05-03-2026
86;PIR;Dog_walking;2,00;1;1;14:12:30;14:12:39;14:12:32;05-03-2026
86;mmWave;Dog_walking;2,00;1;1;14:12:30;14:12:39;14:12:34;05-03-2026
87;PIR;Dog_walking;2,00;1;1;14:16:08;14:16:15;14:16:11;05-03-2026
87;mmWave;Dog_walking;2,00;1;0;14:16:08;14:16:15;NA;05-03-2026
88;PIR;Dog_walking;2,00;1;1;14:17:25;14:17:29;14:17:26;05-03-2026
88;mmWave;Dog_walking;2,00;1;1;14:17:25;14:17:29;14:17:26;05-03-2026
89;PIR;Dog_walking;2,00;1;1;14:37:57;14:38:03;14:38:03;05-03-2026
89;mmWave;Dog_walking;2,00;1;1;14:37:57;14:38:03;14:37:58;05-03-2026
90;PIR;Dog_walking;2,00;1;1;14:44:04;14:44:14;14:44:07;05-03-2026
90;mmWave;Dog_walking;2,00;1;1;14:44:04;14:44:14;14:44:06;05-03-2026
91;PIR;Dog_walking;2,00;0;0;14:53:06;14:53:22;NA;05-03-2026
91;mmWave;Dog_walking;2,00;0;0;14:53:06;14:53:22;NA;05-03-2026
92;PIR;Dog_walking;2,00;0;0;14:53:37;14:53:53;NA;05-03-2026
92;mmWave;Dog_walking;2,00;0;0;14:53:37;14:53:53;NA;05-03-2026
93;PIR;Dog_walking;2,00;0;0;14:54:12;14:54:32;NA;05-03-2026
93;mmWave;Dog_walking;2,00;0;0;14:54:12;14:54:32;NA;05-03-2026
94;PIR;Dog_walking;2,00;0;0;14:54:59;14:55:13;NA;05-03-2026
94;mmWave;Dog_walking;2,00;0;0;14:54:59;14:55:13;NA;05-03-2026
95;PIR;Dog_walking;2,00;0;0;14:55:34;14:55:49;NA;05-03-2026
95;mmWave;Dog_walking;2,00;0;0;14:55:34;14:55:49;NA;05-03-2026
96;PIR;Dog_walking;2,00;0;0;14:56:04;14:56:22;NA;05-03-2026
96;mmWave;Dog_walking;2,00;0;0;14:56:04;14:56:22;NA;05-03-2026
97;PIR;Dog_walking;2,00;0;0;14:56:41;14:56:58;NA;05-03-2026
97;mmWave;Dog_walking;2,00;0;0;14:56:41;14:56:58;NA;05-03-2026
98;PIR;Dog_walking;2,00;0;0;14:57:16;14:57:30;NA;05-03-2026
98;mmWave;Dog_walking;2,00;0;0;14:57:16;14:57:30;NA;05-03-2026
99;PIR;Dog_walking;2,00;0;0;14:57:51;14:58:08;NA;05-03-2026
99;mmWave;Dog_walking;2,00;0;0;14:57:51;14:58:08;NA;05-03-2026
100;PIR;Dog_walking;2,00;0;0;14:58:25;14:58:45;NA;05-03-2026
100;mmWave;Dog_walking;2,00;0;0;14:58:25;14:58:45;NA;05-03-2026
101;PIR;Machine;2,00;1;0;11:15:15;11:15:30;NA;12-03-2026
101;mmWave;Machine;2,00;1;0;11:15:15;11:15:30;NA;12-03-2026
102;PIR;Machine;2,00;1;0;11:21:00;11:21:15;NA;12-03-2026
102;mmWave;Machine;2,00;1;0;11:21:00;11:21:15;NA;12-03-2026
103;PIR;Machine;2,00;1;0;11:22:30;11:22:45;NA;12-03-2026
103;mmWave;Machine;2,00;1;0;11:22:30;11:22:45;NA;12-03-2026
104;PIR;Machine;2,00;1;0;11:24:45;11:25:00;NA;12-03-2026
104;mmWave;Machine;2,00;1;0;11:24:45;11:25:00;NA;12-03-2026
105;PIR;Machine;2,00;1;0;11:28:10;11:28:25;NA;12-03-2026
105;mmWave;Machine;2,00;1;0;11:28:10;11:28:25;NA;12-03-2026
106;PIR;Machine;2,00;1;0;11:36:45;11:37:00;NA;12-03-2026
106;mmWave;Machine;2,00;1;1;11:36:45;11:37:00;11:37:02;12-03-2026
107;PIR;Machine;2,00;1;0;11:43:45;11:44:00;NA;12-03-2026
107;mmWave;Machine;2,00;1;0;11:43:45;11:44:00;NA;12-03-2026
108;PIR;Machine;2,00;1;0;11:45:45;11:46:00;NA;12-03-2026
108;mmWave;Machine;2,00;1;0;11:45:45;11:46:00;NA;12-03-2026
109;PIR;Machine;2,00;1;0;11:50:55;11:51:10;NA;12-03-2026
109;mmWave;Machine;2,00;1;1;11:50:55;11:51:10;11:50:58;12-03-2026
110;PIR;Machine;2,00;1;0;11:55:30;11:55:45;NA;12-03-2026
110;mmWave;Machine;2,00;1;0;11:55:30;11:55:45;NA;12-03-2026
111;PIR;Machine;2,00;0;0;11:14:25;11:14:40;NA;12-03-2026
111;mmWave;Machine;2,00;0;0;11:14:25;11:14:40;NA;12-03-2026
112;PIR;Machine;2,00;0;0;11:17:45;11:18:00;NA;12-03-2026
112;mmWave;Machine;2,00;0;0;11:17:45;11:18:00;NA;12-03-2026
113;PIR;Machine;2,00;0;0;11:21:45;11:22:00;NA;12-03-2026
113;mmWave;Machine;2,00;0;0;11:21:45;11:22:00;NA;12-03-2026
114;PIR;Machine;2,00;0;0;11:24:10;11:24:25;NA;12-03-2026
114;mmWave;Machine;2,00;0;0;11:24:10;11:24:25;NA;12-03-2026
115;PIR;Machine;2,00;0;0;11:27:25;11:27:40;NA;12-03-2026
115;mmWave;Machine;2,00;0;0;11:27:25;11:27:40;NA;12-03-2026
116;PIR;Machine;2,00;0;0;11:32:30;11:32:45;NA;12-03-2026
116;mmWave;Machine;2,00;0;0;11:32:30;11:32:45;NA;12-03-2026
117;PIR;Machine;2,00;0;0;11:42:30;11:42:45;NA;12-03-2026
117;mmWave;Machine;2,00;0;0;11:42:30;11:42:45;NA;12-03-2026
118;PIR;Machine;2,00;0;0;11:44:45;11:45:00;NA;12-03-2026
118;mmWave;Machine;2,00;0;0;11:44:45;11:45:00;NA;12-03-2026
119;PIR;Machine;2,00;0;0;11:50:05;11:50:20;NA;12-03-2026
119;mmWave;Machine;2,00;0;0;11:50:05;11:50:20;NA;12-03-2026
120;PIR;Machine;2,00;0;0;11:54:35;11:54:50;NA;12-03-2026
120;mmWave;Machine;2,00;0;0;11:54:35;11:54:50;NA;12-03-2026
121;PIR;Human_walking;3,00;1;1;16:59:04;16:59:12;16:59:09;08-03-2026
121;mmWave;Human_walking;3,00;1;0;16:59:04;16:59:12;NA;08-03-2026
122;PIR;Human_walking;3,00;1;0;17:00:20;17:00:30;NA;08-03-2026
122;mmWave;Human_walking;3,00;1;0;17:00:20;17:00:30;NA;08-03-2026
123;PIR;Human_walking;3,00;1;1;17:01:01;17:01:10;17:01:04;08-03-2026
123;mmWave;Human_walking;3,00;1;1;17:01:01;17:01:10;17:01:04;08-03-2026
124;PIR;Human_walking;3,00;1;1;17:06:29;17:06:40;17:06:33;08-03-2026
124;mmWave;Human_walking;3,00;1;1;17:06:29;17:06:40;17:06:33;08-03-2026
125;PIR;Human_walking;3,00;1;1;17:08:07;17:08:14;17:08:12;08-03-2026
125;mmWave;Human_walking;3,00;1;1;17:08:07;17:08:14;17:08:11;08-03-2026
126;PIR;Human_walking;3,00;1;1;17:10:07;17:10:13;17:10:11;08-03-2026
126;mmWave;Human_walking;3,00;1;0;17:10:07;17:10:13;NA;08-03-2026
127;PIR;Human_walking;3,00;1;1;17:11:23;17:11:30;17:11:26;08-03-2026
127;mmWave;Human_walking;3,00;1;1;17:11:23;17:11:30;17:11:25;08-03-2026
128;PIR;Human_walking;3,00;1;1;17:13:00;17:13:10;17:13:03;08-03-2026
128;mmWave;Human_walking;3,00;1;0;17:13:00;17:13:10;NA;08-03-2026
129;PIR;Human_walking;3,00;1;1;17:14:15;17:14:20;17:14:18;08-03-2026
129;mmWave;Human_walking;3,00;1;0;17:14:15;17:14:20;NA;08-03-2026
130;PIR;Human_walking;3,00;1;1;17:18:40;17:18:47;17:18:43;08-03-2026
130;mmWave;Human_walking;3,00;1;1;17:18:40;17:18:47;17:18:43;08-03-2026
131;PIR;Human_walking;3,00;0;0;17:21:00;17:21:15;NA;08-03-2026
131;mmWave;Human_walking;3,00;0;0;17:21:00;17:21:15;NA;08-03-2026
132;PIR;Human_walking;3,00;0;0;17:21:30;17:21:45;NA;08-03-2026
132;mmWave;Human_walking;3,00;0;0;17:21:30;17:21:45;NA;08-03-2026
133;PIR;Human_walking;3,00;0;0;17:22:00;17:22:15;NA;08-03-2026
133;mmWave;Human_walking;3,00;0;0;17:22:00;17:22:15;NA;08-03-2026
134;PIR;Human_walking;3,00;0;0;17:22:30;17:22:45;NA;08-03-2026
134;mmWave;Human_walking;3,00;0;0;17:22:30;17:22:45;NA;08-03-2026
135;PIR;Human_walking;3,00;0;0;17:23:00;17:23:15;NA;08-03-2026
135;mmWave;Human_walking;3,00;0;0;17:23:00;17:23:15;NA;08-03-2026
136;PIR;Human_walking;3,00;0;0;17:23:30;17:23:45;NA;08-03-2026
136;mmWave;Human_walking;3,00;0;0;17:23:30;17:23:45;NA;08-03-2026
137;PIR;Human_walking;3,00;0;0;17:24:00;17:24:15;NA;08-03-2026
137;mmWave;Human_walking;3,00;0;0;17:24:00;17:24:15;NA;08-03-2026
138;PIR;Human_walking;3,00;0;0;17:24:30;17:24:45;NA;08-03-2026
138;mmWave;Human_walking;3,00;0;0;17:24:30;17:24:45;NA;08-03-2026
139;PIR;Human_walking;3,00;0;0;17:25:00;17:25:15;NA;08-03-2026
139;mmWave;Human_walking;3,00;0;0;17:25:00;17:25:15;NA;08-03-2026
140;PIR;Human_walking;3,00;0;0;17:25:30;17:25:45;NA;08-03-2026
140;mmWave;Human_walking;3,00;0;0;17:25:30;17:25:45;NA;08-03-2026
141;PIR;Dog_walking;3,00;1;1;15:04:30;15:04:39;15:04:36;05-03-2026
141;mmWave;Dog_walking;3,00;1;0;15:04:30;15:04:39;NA;05-03-2026
142;PIR;Dog_walking;3,00;1;1;15:05:50;15:05:58;15:05:53;05-03-2026
142;mmWave;Dog_walking;3,00;1;1;15:05:50;15:05:58;15:05:52;05-03-2026
143;PIR;Dog_walking;3,00;1;1;15:10:09;15:10:16;15:10:13;05-03-2026
143;mmWave;Dog_walking;3,00;1;1;15:10:09;15:10:16;15:10:12;05-03-2026
144;PIR;Dog_walking;3,00;1;0;15:15:33;15:15:41;NA;05-03-2026
144;mmWave;Dog_walking;3,00;1;0;15:15:33;15:15:41;NA;05-03-2026
145;PIR;Dog_walking;3,00;1;0;15:16:15;15:16:23;NA;05-03-2026
145;mmWave;Dog_walking;3,00;1;1;15:16:15;15:16:23;15:16:20;05-03-2026
146;PIR;Dog_walking;3,00;1;1;15:26:45;15:26:52;15:26:49;05-03-2026
146;mmWave;Dog_walking;3,00;1;0;15:26:45;15:26:52;NA;05-03-2026
147;PIR;Dog_walking;3,00;1;1;15:28:06;15:28:14;15:28:08;05-03-2026
147;mmWave;Dog_walking;3,00;1;1;15:28:06;15:28:14;15:28:10;05-03-2026
148;PIR;Dog_walking;3,00;1;0;15:31:29;15:31:37;NA;05-03-2026
148;mmWave;Dog_walking;3,00;1;1;15:31:29;15:31:37;15:31:36;05-03-2026
149;PIR;Dog_walking;3,00;1;1;15:34:26;15:34:35;15:34:29;05-03-2026
149;mmWave;Dog_walking;3,00;1;1;15:34:26;15:34:35;15:34:31;05-03-2026
150;PIR;Dog_walking;3,00;1;1;15:37:15;15:37:22;15:37:18;05-03-2026
150;mmWave;Dog_walking;3,00;1;0;15:37:15;15:37:22;NA;05-03-2026
151;PIR;Dog_walking;3,00;0;0;15:38:39;15:38:58;NA;05-03-2026
151;mmWave;Dog_walking;3,00;0;0;15:38:39;15:38:58;NA;05-03-2026
152;PIR;Dog_walking;3,00;0;0;15:39:19;15:39:36;NA;05-03-2026
152;mmWave;Dog_walking;3,00;0;0;15:39:19;15:39:36;NA;05-03-2026
153;PIR;Dog_walking;3,00;0;0;15:39:55;15:40:10;NA;05-03-2026
153;mmWave;Dog_walking;3,00;0;0;15:39:55;15:40:10;NA;05-03-2026
154;PIR;Dog_walking;3,00;0;0;15:40:27;15:40:46;NA;05-03-2026
154;mmWave;Dog_walking;3,00;0;0;15:40:27;15:40:46;NA;05-03-2026
155;PIR;Dog_walking;3,00;0;0;15:41:02;15:41:20;NA;05-03-2026
155;mmWave;Dog_walking;3,00;0;0;15:41:02;15:41:20;NA;05-03-2026
156;PIR;Dog_walking;3,00;0;0;15:41:37;15:41:55;NA;05-03-2026
156;mmWave;Dog_walking;3,00;0;0;15:41:37;15:41:55;NA;05-03-2026
157;PIR;Dog_walking;3,00;0;0;15:42:12;15:42:30;NA;05-03-2026
157;mmWave;Dog_walking;3,00;0;0;15:42:12;15:42:30;NA;05-03-2026
158;PIR;Dog_walking;3,00;0;0;15:42:51;15:43:06;NA;05-03-2026
158;mmWave;Dog_walking;3,00;0;0;15:42:51;15:43:06;NA;05-03-2026
159;PIR;Dog_walking;3,00;0;0;15:43:22;15:43:39;NA;05-03-2026
159;mmWave;Dog_walking;3,00;0;0;15:43:22;15:43:39;NA;05-03-2026
160;PIR;Dog_walking;3,00;0;0;15:43:58;15:44:23;NA;05-03-2026
160;mmWave;Dog_walking;3,00;0;0;15:43:58;15:44:23;NA;05-03-2026
161;PIR;Machine;3,00;1;0;08:25:15;08:25:30;NA;11-03-2026
161;mmWave;Machine;3,00;1;0;08:25:15;08:25:30;NA;11-03-2026
162;PIR;Machine;3,00;1;0;08:46:45;08:47:00;NA;11-03-2026
162;mmWave;Machine;3,00;1;0;08:46:45;08:47:00;NA;11-03-2026
163;PIR;Machine;3,00;1;0;08:49:30;08:49:45;NA;11-03-2026
163;mmWave;Machine;3,00;1;0;08:49:30;08:49:45;NA;11-03-2026
164;PIR;Machine;3,00;1;0;08:54:00;08:54:15;NA;11-03-2026
164;mmWave;Machine;3,00;1;0;08:54:00;08:54:15;NA;11-03-2026
165;PIR;Machine;3,00;1;0;09:00:40;09:00:55;NA;11-03-2026
165;mmWave;Machine;3,00;1;0;09:00:40;09:00:55;NA;11-03-2026
166;PIR;Machine;3,00;1;0;09:04:00;09:04:15;NA;11-03-2026
166;mmWave;Machine;3,00;1;0;09:04:00;09:04:15;NA;11-03-2026
167;PIR;Machine;3,00;1;0;09:06:15;09:06:30;NA;11-03-2026
167;mmWave;Machine;3,00;1;1;09:06:15;09:06:30;09:06:33;11-03-2026
168;PIR;Machine;3,00;1;0;09:10:40;09:10:55;NA;11-03-2026
168;mmWave;Machine;3,00;1;0;09:10:40;09:10:55;NA;11-03-2026
169;PIR;Machine;3,00;1;0;09:16:30;09:16:45;NA;11-03-2026
169;mmWave;Machine;3,00;1;0;09:16:30;09:16:45;NA;11-03-2026
170;PIR;Machine;3,00;1;0;09:22:30;09:22:45;NA;11-03-2026
170;mmWave;Machine;3,00;1;0;09:22:30;09:22:45;NA;11-03-2026
171;PIR;Machine;3,00;0;0;08:24:30;08:24:45;NA;11-03-2026
171;mmWave;Machine;3,00;0;0;08:24:30;08:24:45;NA;11-03-2026
172;PIR;Machine;3,00;0;0;08:45:20;08:45:35;NA;11-03-2026
172;mmWave;Machine;3,00;0;0;08:45:20;08:45:35;NA;11-03-2026
173;PIR;Machine;3,00;0;0;08:48:30;08:48:45;NA;11-03-2026
173;mmWave;Machine;3,00;0;0;08:48:30;08:48:45;NA;11-03-2026
174;PIR;Machine;3,00;0;0;08:51:30;08:51:45;NA;11-03-2026
174;mmWave;Machine;3,00;0;0;08:51:30;08:51:45;NA;11-03-2026
175;PIR;Machine;3,00;0;0;09:00:00;09:00:15;NA;11-03-2026
175;mmWave;Machine;3,00;0;0;09:00:00;09:00:15;NA;11-03-2026
176;PIR;Machine;3,00;0;0;09:03:15;09:03:30;NA;11-03-2026
176;mmWave;Machine;3,00;0;0;09:03:15;09:03:30;NA;11-03-2026
177;PIR;Machine;3,00;0;0;09:04:30;09:04:45;NA;11-03-2026
177;mmWave;Machine;3,00;0;0;09:04:30;09:04:45;NA;11-03-2026
178;PIR;Machine;3,00;0;0;09:08:35;09:08:50;NA;11-03-2026
178;mmWave;Machine;3,00;0;0;09:08:35;09:08:50;NA;11-03-2026
179;PIR;Machine;3,00;0;0;09:14:45;09:15:00;NA;11-03-2026
179;mmWave;Machine;3,00;0;0;09:14:45;09:15:00;NA;11-03-2026
180;PIR;Machine;3,00;0;0;09:21:45;09:22:00;NA;11-03-2026
180;mmWave;Machine;3,00;0;0;09:21:45;09:22:00;NA;11-03-2026